{
  "r2": -0.4163888590170983,
  "rmse": 0.10820145819514429,
  "mae": 0.05866666666666667,
  "bias": -0.05866666666666667,
  "n_samples": 9,
  "regions": {
    "log_gram_det": {
      "low": {
        "range": "\u2264 -28.59",
        "n_samples": 3,
        "r2": 1.0,
        "rmse": 0.0,
        "bias": 0.0
      },
      "medium": {
        "range": "-28.59 - -10.39",
        "n_samples": 0,
        "r2": NaN,
        "rmse": NaN,
        "bias": NaN
      },
      "high": {
        "range": "\u2265 -10.39",
        "n_samples": 6,
        "r2": -0.7888089094119246,
        "rmse": 0.13251918100159438,
        "bias": -0.08800000000000001
      }
    },
    "discriminability": {
      "low": {
        "range": "< 1.0",
        "n_samples": 3,
        "r2": 1.0,
        "rmse": 0.0
      },
      "medium": {
        "range": "1.0 - 10.0",
        "n_samples": 0,
        "r2": NaN,
        "rmse": NaN
      },
      "high": {
        "range": "> 10.0",
        "n_samples": 6,
        "r2": -0.7888089094119246,
        "rmse": 0.13251918100159438
      }
    }
  }
}