{
  "r2": -0.3884153130416965,
  "rmse": 0.11381089884870943,
  "mae": 0.06021938093333333,
  "bias": -0.06019665062222222,
  "n_samples": 9,
  "regions": {
    "log_gram_det": {
      "low": {
        "range": "\u2264 -28.76",
        "n_samples": 3,
        "r2": 0.0,
        "rmse": 2.5571600000000004e-05,
        "bias": 2.55716e-05
      },
      "medium": {
        "range": "-28.76 - -10.42",
        "n_samples": 0,
        "r2": NaN,
        "rmse": NaN,
        "bias": NaN
      },
      "high": {
        "range": "\u2265 -10.42",
        "n_samples": 6,
        "r2": -0.7233965058252652,
        "rmse": 0.13938931350061737,
        "bias": -0.09030776173333332
      }
    },
    "discriminability": {
      "low": {
        "range": "< 1.0",
        "n_samples": 3,
        "r2": 0.0,
        "rmse": 2.5571600000000004e-05
      },
      "medium": {
        "range": "1.0 - 10.0",
        "n_samples": 0,
        "r2": NaN,
        "rmse": NaN
      },
      "high": {
        "range": "> 10.0",
        "n_samples": 6,
        "r2": -0.7233965058252652,
        "rmse": 0.13938931350061737
      }
    }
  }
}