data_range,n_samples,theoretical_prob,empirical_prob,trials_used,discriminability,lambda_sigma_ratio,log_gram_det,discrepancy
0.1,100,1.2516000000000001e-08,0.0,500,0.00011093789512786326,0.5,-46.67922840597898,1.2516000000000001e-08
0.1,300,1.2516000000000001e-08,0.0,500,0.00030685745433837465,0.5,-43.565185954634714,1.2516000000000001e-08
0.1,500,1.2516000000000001e-08,0.0,500,0.00048718579292530604,0.5,-42.15233771184888,1.2516000000000001e-08
1.0,100,1.2516000000000001e-08,0.002,500,69.0131463055944,0.5,-6.77361241113555,0.001999987484
1.0,300,1.2516000000000001e-08,0.004,500,217.14802803641004,0.5,-3.4245319178338,0.003999987484
1.0,500,1.2516000000000001e-08,0.014,500,330.3541382527962,0.5,-1.8991192381491286,0.013999987484
2.0,100,1.2516000000000001e-08,0.068,500,1587.699457229167,0.5,2.605990040633839,0.067999987484
2.0,300,1.2516000000000001e-08,0.194,500,6436.427519144883,0.5,6.2901806705473895,0.19399998748400002
2.0,500,1.2516000000000001e-08,0.26,500,9119.184918104256,0.5,7.673354753503036,0.259999987484
