{
  "r2": -0.42151735908557186,
  "rmse": 0.11059233770557596,
  "mae": 0.06022221805022222,
  "bias": -0.060222209706222225,
  "n_samples": 9,
  "regions": {
    "log_gram_det": {
      "low": {
        "range": "\u2264 -28.56",
        "n_samples": 3,
        "r2": 0.0,
        "rmse": 1.2516000000000001e-08,
        "bias": 1.2516e-08
      },
      "medium": {
        "range": "-28.56 - -10.44",
        "n_samples": 0,
        "r2": NaN,
        "rmse": NaN,
        "bias": NaN
      },
      "high": {
        "range": "\u2265 -10.44",
        "n_samples": 6,
        "r2": -0.8011189734053146,
        "rmse": 0.13544739842011053,
        "bias": -0.09033332081733332
      }
    },
    "discriminability": {
      "low": {
        "range": "< 1.0",
        "n_samples": 3,
        "r2": 0.0,
        "rmse": 1.2516000000000001e-08
      },
      "medium": {
        "range": "1.0 - 10.0",
        "n_samples": 0,
        "r2": NaN,
        "rmse": NaN
      },
      "high": {
        "range": "> 10.0",
        "n_samples": 6,
        "r2": -0.8011189734053146,
        "rmse": 0.13544739842011053
      }
    }
  }
}