{
  "r2": -0.38067824053251775,
  "rmse": 0.1168056315232941,
  "mae": 0.06133333333333334,
  "bias": -0.06133333333333334,
  "n_samples": 9,
  "regions": {
    "log_gram_det": {
      "low": {
        "range": "\u2264 -28.55",
        "n_samples": 3,
        "r2": 1.0,
        "rmse": 0.0,
        "bias": 0.0
      },
      "medium": {
        "range": "-28.55 - -10.36",
        "n_samples": 0,
        "r2": NaN,
        "rmse": NaN,
        "bias": NaN
      },
      "high": {
        "range": "\u2265 -10.36",
        "n_samples": 6,
        "r2": -0.7052549716698147,
        "rmse": 0.14305709815781018,
        "bias": -0.09200000000000001
      }
    },
    "discriminability": {
      "low": {
        "range": "< 1.0",
        "n_samples": 3,
        "r2": 1.0,
        "rmse": 0.0
      },
      "medium": {
        "range": "1.0 - 10.0",
        "n_samples": 0,
        "r2": NaN,
        "rmse": NaN
      },
      "high": {
        "range": "> 10.0",
        "n_samples": 6,
        "r2": -0.7052549716698147,
        "rmse": 0.14305709815781018
      }
    }
  }
}