{
  "r2": -0.4582827199399502,
  "rmse": 0.10346227955159572,
  "mae": 0.05799999668266667,
  "bias": -0.057999990048,
  "n_samples": 9,
  "regions": {
    "log_gram_det": {
      "low": {
        "range": "\u2264 -28.84",
        "n_samples": 3,
        "r2": 0.0,
        "rmse": 9.951999999999999e-09,
        "bias": 9.952e-09
      },
      "medium": {
        "range": "-28.84 - -10.48",
        "n_samples": 0,
        "r2": NaN,
        "rmse": NaN,
        "bias": NaN
      },
      "high": {
        "range": "\u2265 -10.48",
        "n_samples": 6,
        "r2": -0.8917643170504768,
        "rmse": 0.12671489626329954,
        "bias": -0.086999990048
      }
    },
    "discriminability": {
      "low": {
        "range": "< 1.0",
        "n_samples": 3,
        "r2": 0.0,
        "rmse": 9.951999999999999e-09
      },
      "medium": {
        "range": "1.0 - 10.0",
        "n_samples": 0,
        "r2": NaN,
        "rmse": NaN
      },
      "high": {
        "range": "> 10.0",
        "n_samples": 6,
        "r2": -0.8917643170504768,
        "rmse": 0.12671489626329954
      }
    }
  }
}