{
  "r2": -0.4193657874321177,
  "rmse": 0.11406236111102655,
  "mae": 0.062000000000000006,
  "bias": -0.062000000000000006,
  "n_samples": 9,
  "regions": {
    "log_gram_det": {
      "low": {
        "range": "\u2264 -28.84",
        "n_samples": 3,
        "r2": 1.0,
        "rmse": 0.0,
        "bias": 0.0
      },
      "medium": {
        "range": "-28.84 - -10.61",
        "n_samples": 0,
        "r2": NaN,
        "rmse": NaN,
        "bias": NaN
      },
      "high": {
        "range": "\u2265 -10.61",
        "n_samples": 6,
        "r2": -0.795944660879168,
        "rmse": 0.1396972917895452,
        "bias": -0.09300000000000001
      }
    },
    "discriminability": {
      "low": {
        "range": "< 1.0",
        "n_samples": 3,
        "r2": 1.0,
        "rmse": 0.0
      },
      "medium": {
        "range": "1.0 - 10.0",
        "n_samples": 0,
        "r2": NaN,
        "rmse": NaN
      },
      "high": {
        "range": "> 10.0",
        "n_samples": 6,
        "r2": -0.795944660879168,
        "rmse": 0.1396972917895452
      }
    }
  }
}