{
  "r2": -0.4242750281791168,
  "rmse": 0.11115354745176204,
  "mae": 0.060666666666666674,
  "bias": -0.060666666666666674,
  "n_samples": 9,
  "regions": {
    "log_gram_det": {
      "low": {
        "range": "\u2264 -28.70",
        "n_samples": 3,
        "r2": 1.0,
        "rmse": 0.0,
        "bias": 0.0
      },
      "medium": {
        "range": "-28.70 - -10.39",
        "n_samples": 0,
        "r2": NaN,
        "rmse": NaN,
        "bias": NaN
      },
      "high": {
        "range": "\u2265 -10.39",
        "n_samples": 6,
        "r2": -0.8077710941310359,
        "rmse": 0.13613473717852717,
        "bias": -0.09100000000000001
      }
    },
    "discriminability": {
      "low": {
        "range": "< 1.0",
        "n_samples": 3,
        "r2": 1.0,
        "rmse": 0.0
      },
      "medium": {
        "range": "1.0 - 10.0",
        "n_samples": 0,
        "r2": NaN,
        "rmse": NaN
      },
      "high": {
        "range": "> 10.0",
        "n_samples": 6,
        "r2": -0.8077710941310359,
        "rmse": 0.13613473717852717
      }
    }
  }
}