{
  "r2": -0.41543272718758373,
  "rmse": 0.10048747197891113,
  "mae": 0.05444294377777778,
  "bias": -0.05443994244444445,
  "n_samples": 9,
  "regions": {
    "log_gram_det": {
      "low": {
        "range": "\u2264 -28.60",
        "n_samples": 3,
        "r2": 0.0,
        "rmse": 4.502e-06,
        "bias": 4.502e-06
      },
      "medium": {
        "range": "-28.60 - -10.38",
        "n_samples": 0,
        "r2": NaN,
        "rmse": NaN,
        "bias": NaN
      },
      "high": {
        "range": "\u2265 -10.38",
        "n_samples": 6,
        "r2": -0.7866002050092666,
        "rmse": 0.12307151590410623,
        "bias": -0.08166216466666666
      }
    },
    "discriminability": {
      "low": {
        "range": "< 1.0",
        "n_samples": 3,
        "r2": 0.0,
        "rmse": 4.502e-06
      },
      "medium": {
        "range": "1.0 - 10.0",
        "n_samples": 0,
        "r2": NaN,
        "rmse": NaN
      },
      "high": {
        "range": "> 10.0",
        "n_samples": 6,
        "r2": -0.7866002050092666,
        "rmse": 0.12307151590410623
      }
    }
  }
}