{
  "r2": -0.46697869329777686,
  "rmse": 0.10319345371140987,
  "mae": 0.058222222222222224,
  "bias": -0.058222222222222224,
  "n_samples": 9,
  "regions": {
    "log_gram_det": {
      "low": {
        "range": "\u2264 -28.60",
        "n_samples": 3,
        "r2": 1.0,
        "rmse": 0.0,
        "bias": 0.0
      },
      "medium": {
        "range": "-28.60 - -10.39",
        "n_samples": 0,
        "r2": NaN,
        "rmse": NaN,
        "bias": NaN
      },
      "high": {
        "range": "\u2265 -10.39",
        "n_samples": 6,
        "r2": -0.9138399275786786,
        "rmse": 0.1263856531942346,
        "bias": -0.08733333333333333
      }
    },
    "discriminability": {
      "low": {
        "range": "< 1.0",
        "n_samples": 3,
        "r2": 1.0,
        "rmse": 0.0
      },
      "medium": {
        "range": "1.0 - 10.0",
        "n_samples": 0,
        "r2": NaN,
        "rmse": NaN
      },
      "high": {
        "range": "> 10.0",
        "n_samples": 6,
        "r2": -0.9138399275786786,
        "rmse": 0.1263856531942346
      }
    }
  }
}