{
  "r2": -0.3331208837901001,
  "rmse": 0.08962142600963233,
  "mae": 0.044800000000000006,
  "bias": -0.044800000000000006,
  "n_samples": 25,
  "regions": {
    "log_gram_det": {
      "low": {
        "range": "\u2264 -30.29",
        "n_samples": 5,
        "r2": 1.0,
        "rmse": 0.0,
        "bias": 0.0
      },
      "medium": {
        "range": "-30.29 - -11.22",
        "n_samples": 5,
        "r2": 1.0,
        "rmse": 0.0,
        "bias": 0.0
      },
      "high": {
        "range": "\u2265 -11.22",
        "n_samples": 15,
        "r2": -0.7137005006827493,
        "rmse": 0.11570076346622207,
        "bias": -0.07466666666666667
      }
    },
    "discriminability": {
      "low": {
        "range": "< 1.0",
        "n_samples": 6,
        "r2": 1.0,
        "rmse": 0.0
      },
      "medium": {
        "range": "1.0 - 10.0",
        "n_samples": 4,
        "r2": 1.0,
        "rmse": 0.0
      },
      "high": {
        "range": "> 10.0",
        "n_samples": 15,
        "r2": -0.7137005006827493,
        "rmse": 0.11570076346622207
      }
    }
  }
}