data_range,n_samples,theoretical_prob,empirical_prob,discriminability,lambda_sigma_ratio,log_gram_det,discrepancy
0.2,100,0.0,0.0,3471.9801306200043,0.5,-35.88767194975581,0.0
0.2,300,0.0,0.0,10372.188235479347,0.5,-30.149196518339732,0.0
0.2,500,0.0,0.0,17137.723138133526,0.5,-27.425805194652526,0.0
0.6000000000000001,100,0.0,0.0,4143.240405435695,0.5,-12.201076880260551,0.0
0.6000000000000001,300,0.0,0.0,13261.946041463836,0.5,-5.872114954559998,0.0
0.6000000000000001,500,0.0,0.0,21573.79688933364,0.5,-3.571340791941259,0.0
1.0,100,0.0,0.0,6808.949078173955,0.5,-0.9084800214952815,0.0
1.0,300,0.0,0.0,19249.18406737073,0.5,5.092758154776691,0.0
1.0,500,0.0,0.0,32394.91383794631,0.5,7.4925759462997625,0.0
