data_range,n_samples,theoretical_prob,empirical_prob,discriminability,lambda_sigma_ratio,log_gram_det,discrepancy
0.2,100,0.0,0.0,3446.924537922951,0.5,-35.661741668903105,0.0
0.2,300,0.0,0.0,10325.874006862117,0.5,-30.615846724064788,0.0
0.2,500,0.0,0.0,17324.545966546037,0.5,-27.686820490428214,0.0
0.6000000000000001,100,0.0,0.0,4261.576169053677,0.5,-11.497292341223078,0.0
0.6000000000000001,300,0.0,0.0,12752.463714195452,0.5,-6.72771944127492,0.0
0.6000000000000001,500,0.0,0.0,21205.088344805637,0.5,-3.5505918051881307,0.0
1.0,100,0.0,0.0,6660.281137142782,0.5,0.09236923704176773,0.0
1.0,300,0.0,0.0,19350.07153642044,0.5,4.994361465088872,0.0
1.0,500,0.0,0.0,31911.506692026276,0.5,7.451636769209789,0.0
