data_range,n_samples,theoretical_prob,empirical_prob,discriminability,lambda_sigma_ratio
0.2,100,0.0,0.0,115.42420777192382,0.5
0.2,300,0.0,0.0,418.5387721138176,0.5
0.2,500,0.0,0.0,639.8288507006838,0.5
0.6000000000000001,100,0.0,0.0,1449.9980806985725,0.5
0.6000000000000001,300,0.0,0.0,4059.432233311589,0.5
0.6000000000000001,500,0.0,0.0,6661.422599282851,0.5
1.0,100,0.0,0.0,5760.872434619913,0.5
1.0,300,0.0,0.0,16772.64219294964,0.5
1.0,500,0.0,0.0,22499.04152623087,0.5
