{
  "r2": -0.3806796695770551,
  "rmse": 0.1273856785950097,
  "mae": 0.0668888888888889,
  "bias": -0.0668888888888889,
  "n_samples": 9,
  "regions": {
    "log_gram_det": {
      "low": {
        "range": "\u2264 -28.63",
        "n_samples": 3,
        "r2": 1.0,
        "rmse": 0.0,
        "bias": 0.0
      },
      "medium": {
        "range": "-28.63 - -10.48",
        "n_samples": 0,
        "r2": NaN,
        "rmse": NaN,
        "bias": NaN
      },
      "high": {
        "range": "\u2265 -10.48",
        "n_samples": 6,
        "r2": -0.7052582415443893,
        "rmse": 0.15601495654797545,
        "bias": -0.10033333333333334
      }
    },
    "discriminability": {
      "low": {
        "range": "< 1.0",
        "n_samples": 3,
        "r2": 1.0,
        "rmse": 0.0
      },
      "medium": {
        "range": "1.0 - 10.0",
        "n_samples": 0,
        "r2": NaN,
        "rmse": NaN
      },
      "high": {
        "range": "> 10.0",
        "n_samples": 6,
        "r2": -0.7052582415443893,
        "rmse": 0.15601495654797545
      }
    }
  }
}